{"root":[{"assemblyName":"Unity.Properties","nameSpace":"Unity.Properties","className":"DefaultPropertyBagInitializer","methodName":"Initialize","loadTypes":0,"isUnityClass":true},{"assemblyName":"Unity.DataFlowGraph","nameSpace":"","className":"__JobReflectionRegistrationOutput__3196437569","methodName":"EarlyInit","loadTypes":2,"isUnityClass":true},{"assemblyName":"CCC.Debug","nameSpace":"","className":"ConfigurableLogger","methodName":"StaticReset","loadTypes":4,"isUnityClass":false},{"assemblyName":"CCC.Debug","nameSpace":"","className":"DebugGraph","methodName":"StaticReset","loadTypes":4,"isUnityClass":false},{"assemblyName":"CCC.Debug","nameSpace":"","className":"SpaceTimeDebugger","methodName":"Initialize","loadTypes":2,"isUnityClass":false},{"assemblyName":"BoltOnlineInterface","nameSpace":"Internals.PhotonNetworkInterface","className":"PhotonNetworkInterface","methodName":"StaticReset","loadTypes":4,"isUnityClass":false},{"assemblyName":"Unity.Transforms","nameSpace":"","className":"__JobReflectionRegistrationOutput__3582838976","methodName":"EarlyInit","loadTypes":2,"isUnityClass":true},{"assemblyName":"Unity.Animation","nameSpace":"","className":"__JobReflectionRegistrationOutput__2290601277","methodName":"EarlyInit","loadTypes":2,"isUnityClass":true},{"assemblyName":"Unity.Animation","nameSpace":"Unity.Properties.Generated","className":"PropertyBagRegistry","methodName":"Initialize","loadTypes":2,"isUnityClass":true},{"assemblyName":"Unity.Animation.Graph","nameSpace":"","className":"__JobReflectionRegistrationOutput__489815499","methodName":"EarlyInit","loadTypes":2,"isUnityClass":true},{"assemblyName":"Unity.RenderPipelines.Core.Runtime","nameSpace":"UnityEngine.Rendering","className":"DebugUpdater","methodName":"RuntimeInit","loadTypes":0,"isUnityClass":true},{"assemblyName":"Unity.Entities","nameSpace":"Unity.Entities","className":"DefaultWorldInitialization","methodName":"CleanupWorldBeforeSceneLoad","loadTypes":4,"isUnityClass":true},{"assemblyName":"Unity.Entities","nameSpace":"","className":"__JobReflectionRegistrationOutput__2052323622","methodName":"EarlyInit","loadTypes":2,"isUnityClass":true},{"assemblyName":"Unity.Entities","nameSpace":"","className":"__UnmanagedPostProcessorOutput__2052323622","methodName":"EarlyInit","loadTypes":2,"isUnityClass":true},{"assemblyName":"Unity.Entities","nameSpace":"Unity.Properties.Generated","className":"PropertyBagRegistry","methodName":"Initialize","loadTypes":2,"isUnityClass":true},{"assemblyName":"Unity.Entities.Hybrid","nameSpace":"Unity.Entities","className":"AttachToEntityClonerInjection","methodName":"Initialize","loadTypes":1,"isUnityClass":true},{"assemblyName":"Unity.Entities.Hybrid","nameSpace":"Unity.Properties.Generated","className":"PropertyBagRegistry","methodName":"Initialize","loadTypes":2,"isUnityClass":true},{"assemblyName":"CCC.Fix2D","nameSpace":"","className":"__JobReflectionRegistrationOutput__935860700","methodName":"EarlyInit","loadTypes":2,"isUnityClass":false},{"assemblyName":"SimulationIO","nameSpace":"","className":"SimAsset","methodName":"StaticReset","loadTypes":4,"isUnityClass":false},{"assemblyName":"SimulationIO","nameSpace":"","className":"InputSubmissionId","methodName":"StaticReset","loadTypes":4,"isUnityClass":false},{"assemblyName":"SimulationIO","nameSpace":"","className":"SaveSimulationToMemoryOperation","methodName":"StaticReset","loadTypes":4,"isUnityClass":false},{"assemblyName":"CCC.Core","nameSpace":"","className":"GameConsole","methodName":"Initialize","loadTypes":4,"isUnityClass":false},{"assemblyName":"CCC.Core","nameSpace":"","className":"ApplicationUtilityService","methodName":"StaticReset","loadTypes":4,"isUnityClass":false},{"assemblyName":"CCC.Core","nameSpace":"","className":"DebugScreenMessage","methodName":"StaticReset","loadTypes":4,"isUnityClass":false},{"assemblyName":"CCC.Core","nameSpace":"","className":"FrameService","methodName":"StaticReset","loadTypes":4,"isUnityClass":false},{"assemblyName":"CCC.Core","nameSpace":"","className":"SceneService","methodName":"StaticReset","loadTypes":4,"isUnityClass":false},{"assemblyName":"CCC.Core","nameSpace":"","className":"CoreServiceManager","methodName":"StaticReset","loadTypes":4,"isUnityClass":false},{"assemblyName":"CCC.Core","nameSpace":"","className":"CoreServiceManagerBootstrap","methodName":"OnRuntimeMethodLoad","loadTypes":0,"isUnityClass":false},{"assemblyName":"Simulation.Game","nameSpace":"","className":"GameActionBank","methodName":"Initialize","loadTypes":0,"isUnityClass":false},{"assemblyName":"Simulation.Game","nameSpace":"","className":"GameFunctions","methodName":"Initialize","loadTypes":2,"isUnityClass":false},{"assemblyName":"Simulation.Game","nameSpace":"","className":"__JobReflectionRegistrationOutput__260672801","methodName":"EarlyInit","loadTypes":2,"isUnityClass":false},{"assemblyName":"Simulation.Core","nameSpace":"Sim.Operations","className":"SimDeserializationOperation","methodName":"StaticReset","loadTypes":4,"isUnityClass":false},{"assemblyName":"Simulation.Core","nameSpace":"Sim.Operations","className":"SimSerializationOperationWithCache","methodName":"StaticReset","loadTypes":4,"isUnityClass":false},{"assemblyName":"Simulation.Core","nameSpace":"Sim.Operations","className":"SimSerializationOperation","methodName":"StaticReset","loadTypes":4,"isUnityClass":false},{"assemblyName":"Unity.Properties.Reflection","nameSpace":"Unity.Properties.Reflection.Internal","className":"Registration","methodName":"Initialize","loadTypes":0,"isUnityClass":true},{"assemblyName":"CCC.NetSerializer.Impl","nameSpace":"Internals.OnlineServiceImpl","className":"NetSerializerImpl","methodName":"OnRuntimeInitialize","loadTypes":1,"isUnityClass":false},{"assemblyName":"Unity.Scenes","nameSpace":"Unity.Properties.Generated","className":"PropertyBagRegistry","methodName":"Initialize","loadTypes":2,"isUnityClass":true},{"assemblyName":"Unity.Animation.DefaultGraphPipeline","nameSpace":"","className":"__JobReflectionRegistrationOutput__1432805388","methodName":"EarlyInit","loadTypes":2,"isUnityClass":true},{"assemblyName":"UnityEngineX","nameSpace":"UnityEngineX","className":"Log","methodName":"Initialize","loadTypes":2,"isUnityClass":true},{"assemblyName":"UnityEngineX","nameSpace":"UnityEngineX","className":"Log/ChannelManager","methodName":"Init","loadTypes":4,"isUnityClass":true},{"assemblyName":"Game","nameSpace":"","className":"QuickStart","methodName":"StaticReset","loadTypes":4,"isUnityClass":false},{"assemblyName":"Game","nameSpace":"","className":"QuickStartAssets","methodName":"StaticReset","loadTypes":4,"isUnityClass":false},{"assemblyName":"Game","nameSpace":"","className":"Game/WorldBootstrap","methodName":"Initialize","loadTypes":1,"isUnityClass":false},{"assemblyName":"Game","nameSpace":"","className":"BindedSimEntityManaged","methodName":"StaticReset","loadTypes":4,"isUnityClass":false},{"assemblyName":"Game","nameSpace":"","className":"CharacterCreationScreen","methodName":"StaticReset","loadTypes":4,"isUnityClass":false},{"assemblyName":"Game","nameSpace":"","className":"LoadingScreenUIController","methodName":"StaticReset","loadTypes":4,"isUnityClass":false},{"assemblyName":"Game","nameSpace":"","className":"__JobReflectionRegistrationOutput__309673962","methodName":"EarlyInit","loadTypes":2,"isUnityClass":false},{"assemblyName":"Unity.RenderPipelines.Universal.Runtime","nameSpace":"UnityEngine.Rendering.Universal","className":"XRSystem","methodName":"XRSystemInit","loadTypes":3,"isUnityClass":true},{"assemblyName":"Game.Debug","nameSpace":"","className":"DebugPanelController","methodName":"StaticReset","loadTypes":4,"isUnityClass":false},{"assemblyName":"PhotonRealtime","nameSpace":"Photon.Realtime","className":"ConnectionHandler","methodName":"StaticReset","loadTypes":4,"isUnityClass":false},{"assemblyName":"CCC.Online","nameSpace":"","className":"OnlineService","methodName":"StaticReset","loadTypes":4,"isUnityClass":false},{"assemblyName":"CCC.Online","nameSpace":"CCC.Online","className":"SyncedValueContainer`1","methodName":"StaticReset","loadTypes":4,"isUnityClass":false},{"assemblyName":"CCC.Online","nameSpace":"CCC.Online","className":"SyncedValues","methodName":"StaticReset","loadTypes":4,"isUnityClass":false},{"assemblyName":"CCC.Online","nameSpace":"CCC.Online.DataTransfer","className":"ReceiveViaStreamChannelOperation","methodName":"StaticReset","loadTypes":4,"isUnityClass":false},{"assemblyName":"CCC.Online","nameSpace":"CCC.Online.DataTransfer","className":"SendViaManualPacketsOperation","methodName":"StaticReset","loadTypes":4,"isUnityClass":false},{"assemblyName":"CCC.Online","nameSpace":"CCC.Online.DataTransfer","className":"SendViaStreamChannelOperation","methodName":"StaticReset","loadTypes":4,"isUnityClass":false},{"assemblyName":"CCC.Online","nameSpace":"CCC.Online.DataTransfer","className":"Transfers","methodName":"StaticReset","loadTypes":4,"isUnityClass":false}]}
